{"continuity/num_train_images": 6, "_timestamp": 1753355908.27966, "_runtime": 10.626976013183594, "_step": 0}