{"continuity/num_train_images": 6, "_timestamp": 1753355799.6730418, "_runtime": 10.663030862808228, "_step": 0, "_wandb": {"runtime": 16}}